City_ID,City,Lat,Lng,Max Temp,Humidity,Cloudiness,Wind Speed,Country,Date
0,viedma,-40.8135,-62.9967,30.53,33,55,7.21,AR,1681059657
1,ribeira grande,38.5167,-28.7,19.22,82,40,5.66,PT,1681059574
2,bredasdorp,-34.5322,20.0403,15.64,61,12,5.91,ZA,1681059578
3,watertown,42.3709,-71.1828,12.36,26,0,2.68,US,1681059732
4,hamilton,39.1834,-84.5333,17.64,32,0,4.02,US,1681059642
5,nikolskoye,59.7035,30.7861,9.94,97,60,2.62,RU,1681059572
6,punta arenas,-53.15,-70.9167,5.06,60,20,11.32,CL,1681059365
7,umm kaddadah,13.6017,26.6876,31.99,8,84,4.48,SD,1681059776
8,mayo,38.8876,-76.5119,15.63,34,0,4.63,US,1681059776
9,kloulklubed,7.0419,134.2556,24.28,76,100,5.44,PW,1681059591
10,khatanga,71.9667,102.5,-20.51,99,100,2.67,RU,1681059579
11,mandera,3.9366,41.867,34.17,25,63,5.0,KE,1681059776
12,yulara,-25.2406,130.9889,23.52,30,65,4.35,AU,1681059776
13,ushuaia,-54.8,-68.3,-0.19,100,75,6.69,AR,1681059575
14,saint-georges,12.0564,-61.7485,28.82,74,40,7.72,GD,1681059676
15,laguna,38.421,-121.4238,20.05,67,0,2.24,US,1681059599
16,hermanus,-34.4187,19.2345,16.0,66,1,6.51,ZA,1681059575
17,dikson,73.5069,80.5464,-22.81,88,100,3.53,RU,1681059577
18,mandalgovi,45.7625,106.2708,-0.51,29,0,10.54,MN,1681059777
19,souillac,-20.5167,57.5167,25.21,83,75,1.03,MU,1681059661
20,hithadhoo,-0.6,73.0833,27.97,68,6,0.96,MV,1681059641
21,busselton,-33.65,115.3333,14.53,84,85,1.14,AU,1681059575
22,alice,27.7523,-98.0697,23.08,70,100,3.6,US,1681059777
23,vaini,-21.2,-175.2,23.09,94,20,1.54,TO,1681059575
24,iqaluit,63.7506,-68.5145,-21.15,71,20,6.17,CA,1681059587
25,hit,33.6416,42.8251,27.16,16,74,4.3,IQ,1681059777
26,atuona,-9.8,-139.0333,26.52,74,1,4.91,PF,1681059582
27,mataura,-46.1927,168.8643,11.38,93,100,1.86,NZ,1681059574
28,esperance,-33.8667,121.9,15.11,94,53,3.92,AU,1681059633
29,vulcan,45.3833,23.2667,3.88,96,100,0.41,RO,1681059778
30,verkh-usugli,52.7,115.1667,-2.29,56,100,3.71,RU,1681059778
31,opunake,-39.4556,173.8583,18.95,86,99,7.48,NZ,1681059778
32,roma,43.2128,-75.4557,10.05,29,2,0.89,US,1681059541
33,miles city,46.4083,-105.8406,16.54,29,0,3.6,US,1681059778
34,butaritari,3.0707,172.7902,27.06,79,75,3.1,KI,1681059574
35,cape town,-33.9258,18.4232,18.23,71,75,3.6,ZA,1681059467
36,torbay,47.6666,-52.7314,0.42,50,86,3.58,CA,1681059584
37,tasiilaq,65.6145,-37.6368,4.04,76,100,18.99,GL,1681059587
38,jamestown,42.097,-79.2353,11.12,41,0,1.54,US,1681059480
39,east london,-33.0153,27.9116,18.52,82,0,4.63,ZA,1681059633
40,chokurdakh,70.6333,147.9167,-24.38,93,84,3.86,RU,1681059590
41,cidreira,-30.1811,-50.2056,23.53,74,70,6.2,BR,1681059599
42,qaanaaq,77.484,-69.3632,-20.39,66,0,0.92,GL,1681059575
43,hobart,-42.8794,147.3294,9.59,78,100,7.2,AU,1681059493
44,saint-francois,46.4154,3.9054,16.69,44,0,3.09,FR,1681059681
45,albany,42.6001,-73.9662,11.68,23,0,0.89,US,1681059577
46,cabo san lucas,22.8909,-109.9124,28.12,45,89,0.78,MX,1681059330
47,rikitea,-23.1203,-134.9692,24.59,62,0,3.49,PF,1681059573
48,ramnagar,29.4,79.1167,22.21,23,0,2.31,IN,1681059779
49,jinchang,38.4953,102.1739,12.28,16,58,4.69,CN,1681059779
50,tuktoyaktuk,69.4541,-133.0374,-17.0,78,75,8.23,CA,1681059590
51,saint-pierre,-21.3393,55.4781,26.82,83,75,3.6,RE,1681059644
52,new norfolk,-42.7826,147.0587,9.4,67,99,1.34,AU,1681059577
53,bereda,43.2686,-7.5406,20.88,45,100,1.98,ES,1681059780
54,saint-philippe,-21.3585,55.7679,26.77,82,100,3.45,RE,1681059581
55,kingston upon hull,53.7446,-0.3353,14.13,39,20,5.14,GB,1681059780
56,sitka,57.0531,-135.33,3.22,96,100,2.0,US,1681059588
57,mahebourg,-20.4081,57.7,25.7,83,75,1.03,MU,1681059652
58,bluff,-46.6,168.3333,11.56,86,100,3.27,NZ,1681059584
59,egvekinot,66.3167,-179.1667,-24.99,86,68,2.74,RU,1681059780
60,broken hill,-31.95,141.4333,11.4,68,0,3.82,AU,1681059780
61,pietarsaari,63.65,22.6833,5.07,97,100,2.39,FI,1681059780
62,governador valadares,-18.8511,-41.9494,29.69,61,100,1.48,BR,1681059677
63,saint george,37.1041,-113.5841,18.02,34,0,0.0,US,1681059582
64,dunedin,-45.8742,170.5036,13.65,96,100,5.51,NZ,1681059595
65,qinzhou,21.95,108.6167,21.08,90,100,4.0,CN,1681059740
66,victoria,22.2855,114.1577,21.29,77,45,5.69,HK,1681059401
67,fairbanks,64.8378,-147.7164,-15.22,73,100,5.14,US,1681059408
68,pochutla,15.7432,-96.4661,32.68,38,1,3.82,MX,1681059781
69,yeppoon,-23.1333,150.7333,14.88,45,0,2.04,AU,1681059785
70,pacific grove,36.6177,-121.9166,18.54,77,0,4.02,US,1681059425
71,castro,-24.7911,-50.0119,20.16,77,99,1.85,BR,1681059580
72,nome,64.5011,-165.4064,-19.96,84,100,0.0,US,1681059584
73,port blair,11.6667,92.75,28.02,83,40,1.03,IN,1681059574
74,aklavik,68.2191,-135.0107,-19.0,78,75,1.54,CA,1681059586
75,puerto ayora,-0.7393,-90.3518,29.98,86,21,3.58,EC,1681059580
76,mar del plata,-38.0023,-57.5575,27.68,53,0,9.77,AR,1681059533
77,indianola,41.3581,-93.5574,18.83,36,100,4.47,US,1681059786
78,bengkulu,-3.8004,102.2655,24.3,90,91,1.96,ID,1681059581
79,usakos,-22.0,15.6,22.63,29,4,5.23,NA,1681059786
80,isangel,-19.55,169.2667,26.43,82,41,1.24,VU,1681059589
81,yellowknife,62.456,-114.3525,-0.71,80,100,2.57,CA,1681059579
82,zaozerne,45.1582,33.2787,9.36,76,20,2.26,UA,1681059787
83,portland,45.5234,-122.6762,11.99,91,100,2.68,US,1681059591
84,guarapari,-20.6667,-40.4975,24.95,84,100,6.95,BR,1681059787
85,mackay,-21.15,149.2,17.6,75,1,1.5,AU,1681059642
86,mindelo,16.8901,-24.9804,25.75,50,40,11.83,CV,1681059787
87,santa maria del oro,25.9333,-105.3667,22.51,25,2,1.05,MX,1681059788
88,bilibino,68.0546,166.4372,-27.6,91,21,2.36,RU,1681059584
89,leh,34.1667,77.5833,-7.71,53,1,1.12,IN,1681059788
90,tuensang,26.2833,94.8333,17.44,73,1,0.93,IN,1681059788
91,morant bay,17.8815,-76.4093,27.06,72,12,3.89,JM,1681059788
92,faanui,-16.4833,-151.75,27.5,75,100,7.26,PF,1681059583
93,severo-kurilsk,50.6789,156.125,0.8,99,100,3.55,RU,1681059572
94,huron,41.1501,-82.5499,14.4,45,0,2.15,US,1681059789
95,goderich,43.7501,-81.7165,9.39,57,1,4.12,CA,1681059608
96,nouadhibou,20.931,-17.0347,20.99,68,0,8.23,MR,1681059789
97,naze,28.3667,129.4833,13.51,54,61,2.9,JP,1681059789
98,luwuk,-0.9516,122.7875,25.63,80,46,2.07,ID,1681059789
99,frontignan,43.4485,3.754,16.66,52,91,4.32,FR,1681059789
100,zabid,14.1951,43.3152,31.83,48,10,7.85,YE,1681059790
101,mataram,-8.5833,116.1167,25.45,88,100,2.19,ID,1681059790
102,ambon,-3.6954,128.1814,25.08,94,40,2.06,ID,1681059650
103,waingapu,-9.6567,120.2641,24.83,87,100,3.95,ID,1681059790
104,belen,36.4891,36.2233,13.08,55,75,9.77,TR,1681059790
105,awbari,26.5921,12.7805,23.76,26,75,4.4,LY,1681059641
106,dire,12.2833,-10.9667,39.2,21,70,2.01,ML,1681059791
107,hasaki,35.7333,140.8333,4.22,55,0,3.27,JP,1681059632
108,kyzyl-suu,42.3414,78.0056,7.38,66,100,0.93,KG,1681059791
109,moose factory,51.2585,-80.6094,8.0,42,0,5.66,CA,1681059791
110,nanortalik,60.1432,-45.2371,-1.51,90,100,7.91,GL,1681059582
111,boddam,57.4667,-1.7833,7.21,85,100,11.66,GB,1681059792
112,omboue,-1.5746,9.2618,26.04,83,91,2.11,GA,1681059792
113,sao filipe,14.8961,-24.4956,21.53,74,33,10.54,CV,1681059609
114,konevo,62.1215,39.3192,-0.53,97,40,1.97,RU,1681059792
115,vao,-22.6667,167.4833,25.07,77,8,3.93,NC,1681059792
116,tiksi,71.6872,128.8694,-15.82,95,100,2.83,RU,1681059573
117,tartagal,-22.5164,-63.8013,27.97,48,90,2.88,AR,1681059793
118,padang,-0.9492,100.3543,25.25,87,100,1.55,ID,1681059584
119,port elizabeth,-33.918,25.5701,16.29,83,0,8.23,ZA,1681059598
120,putina,-15.4667,-69.4333,6.85,67,57,2.26,PE,1681059793
121,pevek,69.7008,170.3133,-30.94,100,99,2.4,RU,1681059575
122,touros,-5.1989,-35.4608,27.71,76,99,5.7,BR,1681059582
123,port alfred,-33.5906,26.891,15.66,94,100,4.02,ZA,1681059578
124,avarua,-21.2078,-159.775,23.03,100,20,0.51,CK,1681059574
125,lebu,-37.6167,-73.65,17.68,54,99,2.36,CL,1681059576
126,tuatapere,-46.1333,167.6833,9.42,79,100,1.2,NZ,1681059638
127,shimoda,34.6667,138.95,12.04,62,0,1.03,JP,1681059794
128,xining,36.6167,101.7667,8.64,14,1,1.03,CN,1681059596
129,hambantota,6.1241,81.1185,24.79,78,8,2.06,LK,1681059602
130,barrow,71.2906,-156.7887,-22.99,77,100,4.63,US,1681059573
131,faya,18.3851,42.4509,20.06,53,5,1.0,SA,1681059672
132,sivas,39.7916,37.0019,10.35,71,75,7.2,TR,1681059794
133,koubia,11.5833,-11.9,35.09,20,47,1.76,GN,1681059795
134,perth,-31.9333,115.8333,15.75,94,0,2.06,AU,1681059272
135,honiara,-9.4333,159.95,25.03,87,35,1.73,SB,1681059795
136,provideniya,64.3833,-173.3,-21.76,84,82,3.54,RU,1681059629
137,banda aceh,5.5577,95.3222,26.51,80,67,2.08,ID,1681059795
138,norman wells,65.282,-126.8329,-4.98,80,40,4.12,CA,1681059573
139,tura,25.5198,90.2201,24.22,30,12,1.6,IN,1681059576
140,yuci,37.6803,112.7319,10.86,40,4,3.0,CN,1681059796
141,nemuro,43.3236,145.575,1.64,76,19,6.89,JP,1681059657
142,savinka,50.0785,47.0994,11.64,57,83,4.44,RU,1681059796
143,englewood,39.6478,-104.9878,17.59,24,75,3.09,US,1681059796
144,napasar,27.9667,73.55,29.86,12,1,1.53,IN,1681059797
145,samana,19.2056,-69.3369,30.12,70,40,5.14,DO,1681059797
146,norden,53.6,7.2,14.52,52,100,4.11,DE,1681059797
147,boa vista,2.8197,-60.6733,34.99,34,20,2.06,BR,1681059524
148,carnarvon,-24.8667,113.6333,22.21,64,4,5.46,AU,1681059588
149,georgetown,5.4112,100.3354,27.96,89,20,1.54,MY,1681059476
150,odweyne,9.4092,45.064,27.97,31,18,4.78,SO,1681059797
151,koumac,-20.5667,164.2833,23.73,78,5,1.15,NC,1681059797
152,oranjestad,12.524,-70.027,29.97,66,75,8.23,AW,1681059659
153,paralimni,35.0375,33.9833,20.49,76,96,6.71,CY,1681059798
154,jalu,29.0331,21.5482,23.08,36,0,9.77,LY,1681059630
155,katsuura,35.1333,140.3,14.28,65,28,5.41,JP,1681059798
156,hofn,64.2539,-15.2082,7.16,92,100,9.94,IS,1681059590
157,ponta do sol,32.6667,-17.1,20.35,55,3,2.44,PT,1681059573
158,haicheng,40.8516,122.7475,10.22,70,43,6.37,CN,1681059798
159,coquimbo,-29.9533,-71.3436,16.85,88,100,3.09,CL,1681059665
160,leningradskiy,69.3833,178.4167,-20.71,97,100,6.1,RU,1681059593
161,arraial do cabo,-22.9661,-42.0278,25.92,78,100,5.66,BR,1681059588
162,antofagasta,-23.65,-70.4,22.6,72,10,4.47,CL,1681059734
163,kibala,9.1104,18.3463,37.97,23,0,2.57,TD,1681059799
164,coahuayana,18.7333,-103.6833,32.78,29,59,2.55,MX,1681059799
165,pangai,-19.8,-174.35,27.47,74,39,6.71,TO,1681059799
166,sept-iles,50.2001,-66.3821,1.14,58,75,6.69,CA,1681059589
167,traiguen,-38.25,-72.6833,24.83,19,99,1.09,CL,1681059799
168,ixtapa,20.7,-105.2,25.57,61,20,3.09,MX,1681059800
169,kahului,20.8947,-156.47,23.25,83,40,2.68,US,1681059402
170,kaitangata,-46.2817,169.8464,12.94,96,96,5.3,NZ,1681059589
171,lazaro cardenas,17.9583,-102.2,29.63,50,94,2.89,MX,1681059800
172,dover,39.1582,-75.5244,15.05,40,0,0.89,US,1681059801
173,kapaa,22.0752,-159.319,21.72,90,48,6.33,US,1681059591
174,kodiak,57.79,-152.4072,-7.27,45,0,9.77,US,1681059573
175,srivardhan,18.0333,73.0167,27.92,70,7,2.73,IN,1681059801
176,vila velha,-20.3297,-40.2925,27.97,74,40,6.69,BR,1681059626
177,saskylakh,71.9167,114.0833,-18.7,99,100,1.64,RU,1681059581
178,lagoa,39.05,-27.9833,15.91,91,64,7.11,PT,1681059642
179,camacha,33.0833,-16.3333,17.68,68,40,4.63,PT,1681059598
180,parana,-31.732,-60.5238,27.51,55,0,3.36,AR,1681059759
181,loandjili,-4.7561,11.8578,27.63,82,100,3.81,CG,1681059802
182,tecoanapa,16.5167,-98.75,29.86,53,3,4.29,MX,1681059802
183,kruisfontein,-34.0033,24.7314,14.94,88,90,5.36,ZA,1681059660
184,la union,-5.4,-80.75,31.19,52,47,3.02,PE,1681059802
185,tsurib,42.2368,46.8307,2.12,82,88,2.9,RU,1681059802
186,poya,-21.35,165.15,22.94,82,0,1.25,NC,1681059802
187,puerto escondido,15.85,-97.0667,30.88,52,2,3.56,MX,1681059343
188,esna,25.2934,32.554,34.01,10,9,4.21,EG,1681059803
189,husavik,66.0449,-17.3389,6.39,79,99,10.51,IS,1681059433
190,dryden,49.7833,-92.7503,9.16,49,0,8.23,CA,1681059635
191,chernyshevskiy,63.0128,112.4714,-29.9,100,55,0.87,RU,1681059803
192,ancud,-41.8697,-73.8203,10.59,92,100,3.87,CL,1681059583
193,sile,41.1754,29.6133,11.43,70,75,1.34,TR,1681059803
194,mogadishu,2.0371,45.3438,28.49,76,15,7.63,SO,1681059477
195,carutapera,-1.195,-46.02,26.23,87,100,0.91,BR,1681059803
196,balikpapan,-1.2675,116.8289,25.55,94,20,0.0,ID,1681059629
197,vardo,70.3705,31.1107,1.99,80,75,6.17,NO,1681059575
198,poum,-20.2333,164.0167,26.11,70,29,1.06,NC,1681059637
199,bartica,6.4,-58.6167,33.18,32,48,1.31,GY,1681059804
200,centralia,46.7162,-122.9543,11.3,87,100,4.12,US,1681059801
201,kushmurun,52.4503,64.6311,3.96,45,7,2.59,KZ,1681059804
202,gazanjyk,39.2446,55.5154,15.61,53,17,7.32,TM,1681059804
203,nara,34.6851,135.8049,9.16,45,0,1.32,JP,1681059634
204,kieta,-6.2167,155.6333,26.44,79,100,1.83,PG,1681059653
205,sorland,67.667,12.6934,4.92,82,49,3.8,NO,1681059804
206,griffith,41.5284,-87.4237,18.5,29,0,4.63,US,1681059805
207,avera,33.194,-82.5271,15.51,58,92,7.19,US,1681059583
208,akyab,20.15,92.9,27.22,74,0,4.33,MM,1681059598
209,voyinka,45.8699,33.9914,9.09,79,66,1.73,UA,1681059805
210,parnera,20.55,72.95,28.0,58,89,2.91,IN,1681059805
211,marzuq,14.4,46.4667,26.33,44,96,2.47,YE,1681059656
212,airai,-8.9266,125.4092,14.59,98,100,1.1,TL,1681059640
213,pangnirtung,66.1451,-65.7125,-22.0,71,0,3.6,CA,1681059587
214,saint leonard,47.173,-67.9247,5.1,78,62,4.04,CA,1681059805
215,riyadh,24.6877,46.7219,28.08,11,9,3.43,SA,1681059621
216,vrutky,49.1133,18.9171,9.32,63,91,0.5,SK,1681059806
217,fortuna,40.5982,-124.1573,16.63,60,45,3.13,US,1681059659
218,bambous virieux,-20.3428,57.7575,26.14,83,75,0.0,MU,1681059311
219,dolores,-36.3132,-57.6792,28.4,26,4,5.56,AR,1681059806
220,thompson,55.7435,-97.8558,4.09,65,20,3.09,CA,1681059578
221,ewa beach,21.3156,-158.0072,21.91,91,100,3.09,US,1681059806
222,buala,-8.145,159.5921,26.95,80,91,2.31,SB,1681059656
223,menongue,-14.6585,17.691,21.12,56,72,2.42,AO,1681059807
224,bandiagara,14.3501,-3.6104,35.61,16,99,5.4,ML,1681059807
225,skibbereen,51.55,-9.2667,10.62,98,100,5.83,IE,1681059648
226,virginia beach,36.8529,-75.978,13.92,65,20,9.26,US,1681059206
227,hilo,19.7297,-155.09,25.71,90,29,1.79,US,1681059585
228,korla,41.7597,86.1469,14.67,21,4,4.04,CN,1681059807
229,narsaq,60.9167,-46.05,1.12,77,100,1.51,GL,1681059640
230,sochi,43.6,39.7303,10.05,81,100,2.49,RU,1681059808
231,sovetskiy,61.3614,63.5842,0.48,88,99,4.93,RU,1681059654
232,harwich,51.9419,1.2844,13.68,80,70,2.24,GB,1681059808
233,elat,29.5581,34.9482,30.91,23,85,2.06,IL,1681059808
234,hutchinson,38.0608,-97.9298,19.86,35,97,1.79,US,1681059647
235,petukhovo,55.0692,67.9019,3.67,70,10,3.97,RU,1681059808
236,asau,46.4333,26.4,8.51,88,82,0.39,RO,1681059809
237,bilma,18.6853,12.9164,36.31,9,63,4.2,NE,1681059809
238,amroha,28.9167,78.4667,25.79,14,0,2.52,IN,1681059809
239,sawtell,-30.3833,153.1,11.21,93,0,1.54,AU,1681059809
240,codrington,-38.2667,141.9667,12.98,75,90,5.1,AU,1681059638
241,champerico,14.3,-91.9167,34.3,60,5,4.5,GT,1681059809
242,lorengau,-2.0226,147.2712,25.3,89,100,3.31,PG,1681059658
243,ust-kuyga,70.0167,135.6,-15.25,97,100,0.84,RU,1681059810
244,araguacu,-12.9306,-49.8264,31.02,60,90,0.81,BR,1681059810
245,baker city,44.7749,-117.8344,10.36,81,94,4.07,US,1681059632
246,santa rosa,14.3122,121.1114,27.84,75,76,3.34,PH,1681059650
247,brae,60.3964,-1.353,7.45,83,32,9.59,GB,1681059578
248,la palma,33.8464,-118.0467,22.67,82,100,1.54,US,1681059810
249,anadyr,64.75,177.4833,-22.72,77,0,1.0,RU,1681059665
250,great falls,47.5002,-111.3008,14.66,33,0,8.75,US,1681059811
251,belmonte,-15.8631,-38.8828,27.83,72,100,3.26,BR,1681059811
252,coari,-4.085,-63.1414,28.33,74,77,2.09,BR,1681059811
253,bharatpur,27.2167,77.4833,28.09,12,11,2.79,IN,1681059811
254,beringovskiy,63.05,179.3167,-21.3,100,65,1.79,RU,1681059581
255,zhigansk,66.7697,123.3711,-19.27,98,100,3.04,RU,1681059589
256,hobyo,5.3505,48.5268,29.14,71,5,7.5,SO,1681059811
257,sume,-7.6717,-36.88,29.92,49,93,5.11,BR,1681059812
258,talnakh,69.4865,88.3972,-27.11,96,66,1.87,RU,1681059663
259,sinnamary,5.3833,-52.95,28.93,62,94,3.29,GF,1681059812
260,ambilobe,-13.2,49.05,23.81,93,94,2.06,MG,1681059812
261,luderitz,-26.6481,15.1594,16.65,53,0,12.35,NA,1681059580
262,lata,40.1629,-8.3327,23.29,38,31,3.78,PT,1681059585
263,ostrovnoy,68.0531,39.5131,1.46,86,100,8.2,RU,1681059639
264,ekibastuz,51.6667,75.3667,4.25,40,7,2.91,KZ,1681059813
265,taunggyi,20.7833,97.0333,19.67,29,0,1.02,MM,1681059813
266,buraydah,26.326,43.975,27.25,10,31,5.08,SA,1681059813
267,areosa,41.7178,-8.8571,16.36,65,99,3.85,PT,1681059813
268,tilichiki,60.4667,166.1,-16.14,94,100,3.63,RU,1681059662
269,namibe,-15.1961,12.1522,23.82,84,88,6.19,AO,1681059656
270,bureya,49.8133,129.8131,3.03,60,9,2.92,RU,1681059814
271,adrar,20.5022,-10.0711,32.31,17,82,1.7,MR,1681059814
272,uvinza,-5.1036,30.3911,20.48,88,91,0.13,TZ,1681059814
273,iralaya,15.0,-83.2333,27.99,63,18,4.03,HN,1681059814
274,chumikan,54.7183,135.315,-10.99,96,95,0.38,RU,1681059814
275,ayan,56.45,138.1667,-11.35,79,11,4.28,RU,1681059665
276,lake city,30.1897,-82.6393,13.66,93,100,4.63,US,1681059579
277,san juan,-31.5375,-68.5364,30.6,32,0,3.77,AR,1681059814
278,praia da vitoria,38.7333,-27.0667,19.31,77,40,2.93,PT,1681059587
279,salatiga,-7.3319,110.4928,23.33,93,100,1.61,ID,1681059801
280,kuito,-12.3833,16.9333,16.9,88,79,1.51,AO,1681059739
281,mana,5.6592,-53.7767,28.87,60,49,3.62,GF,1681059815
282,biltine,14.5333,20.9167,37.03,7,8,3.09,TD,1681059815
283,wau,7.7029,27.9953,34.13,25,99,1.11,SS,1681059815
284,bloemfontein,-29.1211,26.214,18.71,72,40,2.57,ZA,1681059527
285,port hardy,50.6996,-127.4199,7.1,93,100,10.29,CA,1681059815
286,klaksvik,62.2266,-6.589,7.51,92,94,13.9,FO,1681059586
287,pisco,-13.7,-76.2167,26.03,73,0,4.12,PE,1681059816
288,upernavik,72.7868,-56.1549,-16.74,90,93,4.84,GL,1681059572
289,inta,66.0317,60.1659,-6.88,82,100,8.09,RU,1681059816
290,lincoln,40.8,-96.667,21.3,24,0,7.2,US,1681059786
291,coffs harbour,-30.3,153.1333,11.18,93,0,1.54,AU,1681059816
292,kalmunai,7.4167,81.8167,27.37,78,68,2.32,LK,1681059592
293,fuerte olimpo,-21.0415,-57.8738,32.33,41,10,0.83,PY,1681059817
294,baykit,61.67,96.37,-22.97,100,52,1.67,RU,1681059585
295,warragul,-38.1667,145.9333,10.24,86,99,1.34,AU,1681059817
296,matagami,49.7502,-77.6328,7.06,26,0,7.2,CA,1681059817
297,flin flon,54.7682,-101.865,4.91,65,40,3.09,CA,1681059817
298,alghero,40.5589,8.3181,16.05,67,0,4.12,IT,1681059817
299,bethel,41.3712,-73.414,12.89,28,2,0.89,US,1681059582
300,dawlatabad,36.4141,64.9053,23.84,29,25,2.65,AF,1681059817
301,masallatah,32.6167,14.0,15.64,53,0,4.47,LY,1681059818
302,bourail,-21.5667,165.4833,22.63,83,0,1.17,NC,1681059818
303,marsh harbour,26.5412,-77.0636,24.98,75,51,4.47,BS,1681059643
304,seoul,37.5683,126.9778,7.69,78,0,3.09,KR,1681059606
305,broome,42.2506,-75.833,11.46,30,0,2.68,US,1681059818
306,maneadero,31.7167,-116.5667,18.86,63,9,2.55,MX,1681059818
307,nabire,-3.3667,135.4833,24.55,90,98,1.5,ID,1681059583
308,longyearbyen,78.2186,15.6401,1.91,80,75,5.66,SJ,1681059583
309,turukhansk,65.8167,87.9833,-24.79,100,93,2.44,RU,1681059576
310,sao gabriel da cachoeira,-0.1303,-67.0892,23.89,94,100,1.54,BR,1681059644
311,tondano,1.3038,124.9112,20.05,92,60,1.47,ID,1681059818
312,chickasha,35.0526,-97.9364,20.66,56,40,3.6,US,1681059819
313,mildura,-34.2,142.15,13.93,72,82,4.93,AU,1681059819
314,rundu,-17.9333,19.7667,26.05,31,98,2.24,NA,1681059402
315,kerchevskiy,59.946,56.2884,0.71,84,35,3.26,RU,1681059819
316,pravokubanskiy,43.9172,41.8841,7.19,90,99,1.06,RU,1681059819
317,sao joao da barra,-21.6403,-41.0511,24.05,96,100,3.79,BR,1681059629
318,deputatskiy,69.3,139.9,-16.45,97,100,1.42,RU,1681059594
319,manoel urbano,-8.8389,-69.2597,28.05,65,86,1.44,BR,1681059819
320,bonavista,48.6499,-53.1147,-3.86,74,94,6.13,CA,1681059819
321,san quintin,30.4833,-115.95,15.98,79,27,5.07,MX,1681059649
322,caravelas,-17.7125,-39.2481,27.27,81,60,2.96,BR,1681059647
323,cap malheureux,-19.9842,57.6142,25.82,78,100,5.66,MU,1681059820
324,edd,13.9297,41.6925,35.57,36,4,8.59,ER,1681059630
325,moa,20.6569,-74.9403,27.79,61,9,3.18,CU,1681059820
326,saldanha,-33.0117,17.9442,18.03,72,0,4.58,ZA,1681059581
327,kavieng,-2.5744,150.7967,25.88,86,100,2.57,PG,1681059578
328,mtimbira,-8.7833,36.35,22.37,96,77,1.4,TZ,1681059820
329,aykino,62.2248,49.9922,0.85,95,100,3.44,RU,1681059820
330,markova,48.6758,24.4138,3.96,96,98,0.39,UA,1681059820
331,clyde river,70.4692,-68.5914,-18.87,65,0,1.03,CA,1681059600
332,cherskiy,68.75,161.3,-26.38,92,6,1.8,RU,1681059577
333,alexandria,31.2156,29.9553,26.3,68,40,5.14,EG,1681059715
334,goba,7.0167,39.9833,10.74,78,84,1.13,ET,1681059670
335,pekalongan,-6.8886,109.6753,25.44,82,98,2.41,ID,1681059821
336,oranjemund,-28.55,16.4333,14.66,77,0,6.71,NA,1681059580
337,shelburne,44.0787,-80.2041,9.39,47,6,1.25,CA,1681059646
338,saint anthony,45.0205,-93.218,17.52,36,75,7.2,US,1681059653
339,vestmannaeyjar,63.4427,-20.2734,8.55,87,100,16.46,IS,1681059822
340,chuy,-33.6971,-53.4616,24.86,48,1,3.21,UY,1681059587
341,pitea,65.3172,21.4794,8.05,100,100,1.18,SE,1681059749
342,sikasso,10.9167,-7.0,32.2,38,100,3.7,ML,1681059822
343,katherine,-14.4667,132.2667,24.18,94,75,2.57,AU,1681059822
344,proletariy,58.4342,31.7046,6.74,81,35,2.64,RU,1681059822
345,constitucion,-35.3333,-72.4167,19.68,46,41,2.98,CL,1681059600
346,altar,30.7,-111.8167,25.07,12,0,0.52,MX,1681059822
347,vila franca do campo,37.7167,-25.4333,18.23,89,99,4.4,PT,1681059629
348,manta,-0.95,-80.7333,28.88,74,40,2.06,EC,1681059823
349,ashford,51.1459,0.8728,13.79,72,80,2.91,GB,1681059823
350,kangaatsiaq,68.3065,-53.4641,-7.06,79,100,5.0,GL,1681059823
351,erzin,36.9559,36.2,17.29,62,100,3.76,TR,1681059823
352,tiznit,29.5833,-9.5,26.73,14,100,6.27,MA,1681059823
353,birjand,32.8663,59.2211,18.26,15,75,0.0,IR,1681059823
354,akdepe,42.0551,59.3788,16.05,63,67,3.22,TM,1681059823
355,bambanglipuro,-7.95,110.2833,25.08,87,100,2.58,ID,1681059823
356,aksarka,66.5606,67.7975,-11.17,94,100,5.26,RU,1681059681
357,yining,29.0361,114.5636,14.93,79,0,0.85,CN,1681059824
358,aktanysh,55.7216,54.0829,7.41,43,7,1.42,RU,1681059824
359,saint-joseph,-21.3667,55.6167,26.21,81,100,2.14,RE,1681059824
360,sumenep,-7.0167,113.8667,25.79,84,100,1.79,ID,1681059824
361,shenjiamen,29.9576,122.298,12.61,78,44,7.92,CN,1681059824
362,barranca,-10.75,-77.7667,26.28,72,89,5.5,PE,1681059824
363,shache,38.4167,77.2406,17.92,16,2,2.7,CN,1681059824
364,ciudad bolivar,8.1222,-63.5497,35.53,33,74,3.66,VE,1681059660
365,carmen,18.6333,-91.8333,27.02,74,40,3.09,MX,1681059799
366,dingle,10.9995,122.6711,24.13,86,100,2.54,PH,1681059597
367,andenes,69.3143,16.1194,4.96,75,75,1.03,NO,1681059793
368,zyryanskoye,56.8306,86.6258,-9.33,87,90,2.52,RU,1681059825
369,obigarm,38.7173,69.7088,10.28,86,97,3.56,TJ,1681059825
370,tairua,-37.0167,175.85,17.36,95,46,3.38,NZ,1681059825
371,cuamba,-14.8031,36.5372,21.18,96,45,1.38,MZ,1681059738
372,port moresby,-9.4431,147.1797,23.68,100,40,2.57,PG,1681059825
373,dunhua,43.3725,128.2425,7.4,58,57,5.06,CN,1681059825
374,zihuatanejo,17.6333,-101.55,30.05,62,0,5.66,MX,1681059825
375,coihaique,-45.5752,-72.0662,15.34,96,100,1.66,CL,1681059661
376,ust-tsilma,65.441,52.1498,-4.06,86,97,3.44,RU,1681059650
377,ambovombe,-25.1667,46.0833,23.98,86,0,6.25,MG,1681059826
378,gat,31.61,34.7642,28.0,36,100,3.44,IL,1681059590
379,sayyan,15.1718,44.3244,13.25,72,87,2.44,YE,1681059826
380,kununurra,-15.7667,128.7333,25.99,89,40,3.09,AU,1681059826
381,wajima,37.4,136.9,9.04,57,20,3.81,JP,1681059826
382,berlevag,70.8578,29.0864,3.0,80,100,9.26,NO,1681059826
383,komsomolskiy,40.4272,71.7189,17.4,55,99,3.09,UZ,1681059645
384,ramsar,36.9226,50.6426,13.69,82,75,1.03,IR,1681059827
385,ustupo,9.1333,-77.9333,28.6,69,17,3.64,PA,1681059827
386,gonzales,30.2385,-90.9201,17.77,82,100,2.57,US,1681059608
387,bamiantong,44.9333,130.5333,10.76,49,29,6.76,CN,1681059827
388,karasburg,-28.0167,18.75,17.25,18,0,6.06,NA,1681059827
389,lady frere,-31.7031,27.2329,15.08,94,75,3.41,ZA,1681059827
390,port hedland,-20.3167,118.5667,26.03,78,20,3.09,AU,1681059655
391,nishihara,26.1842,127.7558,16.6,67,20,3.09,JP,1681059579
392,mount isa,-20.7333,139.5,12.87,67,100,0.0,AU,1681059609
393,solhan,38.9634,41.0293,9.55,78,100,2.22,TR,1681059828
394,botad,22.1667,71.6667,33.89,24,99,5.36,IN,1681059828
395,oktyabrskoye,43.0645,44.7417,10.08,81,75,3.0,RU,1681059828
396,nhulunbuy,-12.2333,136.7667,25.34,94,71,0.0,AU,1681059828
397,meulaboh,4.1363,96.1285,26.08,84,77,1.65,ID,1681059590
398,geraldton,-28.7667,114.6,14.23,82,0,2.06,AU,1681059591
399,esso,55.9333,158.7,-3.99,97,100,3.28,RU,1681059828
400,linqiong,30.4159,103.4609,19.9,84,100,2.09,CN,1681059828
401,canakkale,40.0833,26.8333,9.32,83,100,4.26,TR,1681059829
402,maketu,-37.7667,176.45,20.42,100,28,3.79,NZ,1681059829
403,itarema,-2.9248,-39.9167,26.89,78,84,2.03,BR,1681059635
404,trincomalee,8.5711,81.2335,28.51,73,3,5.1,LK,1681059829
405,salento,4.6375,-75.5703,21.63,66,45,1.28,CO,1681059831
406,praia,14.9215,-23.5087,25.3,50,20,11.32,CV,1681059831
407,kumluca,36.3703,30.2869,16.51,66,99,0.73,TR,1681059831
408,harper,4.375,-7.7169,29.11,71,99,3.45,LR,1681059646
409,tallahassee,30.4383,-84.2807,12.7,84,100,5.66,US,1681059738
410,alofi,-19.0595,-169.9187,25.94,89,33,3.6,NU,1681059584
411,haapiti,-17.5667,-149.8667,25.85,74,100,6.04,PF,1681059636
412,ranong,9.9658,98.6348,25.82,84,14,2.18,TH,1681059831
413,samarai,-10.6167,150.6667,25.44,88,100,0.61,PG,1681059622
414,sergeyevka,53.88,67.4158,1.81,68,3,4.43,KZ,1681059832
415,camana,-16.6228,-72.7111,25.09,71,41,4.65,PE,1681059832
416,porangatu,-13.4408,-49.1486,29.57,65,99,0.63,BR,1681059807
417,half moon bay,37.4636,-122.4286,17.71,66,0,2.06,US,1681059605
418,moctezuma,29.8,-109.6667,25.32,12,2,1.11,MX,1681059832
419,progreso,21.2833,-89.6667,31.17,53,2,4.64,MX,1681059456
420,hovd,48.0056,91.6419,-1.64,37,41,2.43,MN,1681059832
421,gigmoto,13.7796,124.39,26.09,82,99,6.05,PH,1681059833
422,oistins,13.0667,-59.5333,30.05,62,40,9.26,BB,1681059712
423,gustrow,53.7972,12.1734,9.18,76,75,2.57,DE,1681059833
424,grindavik,63.8424,-22.4338,8.97,81,100,14.4,IS,1681059648
425,lasa,46.6166,10.7002,11.5,72,37,2.63,IT,1681059833
426,phuket,8.0,98.25,31.16,83,20,2.06,TH,1681059833
427,afyonkarahisar,38.75,30.6667,11.46,67,99,3.21,TR,1681059833
428,sao miguel do araguaia,-13.275,-50.1628,30.46,58,82,1.67,BR,1681059610
429,masingbi,8.7833,-11.95,33.8,41,96,2.02,SL,1681059833
430,walvis bay,-22.9575,14.5053,16.3,72,1,10.46,NA,1681059591
431,batu gajah,4.4692,101.0411,27.05,88,20,0.0,MY,1681059834
432,erenhot,43.6475,111.9767,10.08,25,64,7.17,CN,1681059834
433,nampula,-15.1165,39.2666,25.97,78,20,3.09,MZ,1681059834
434,asfi,32.2994,-9.2372,21.57,60,39,8.4,MA,1681059585
435,aborlan,9.4352,118.5492,25.82,83,82,1.55,PH,1681059834
436,skegness,53.1436,0.3363,14.63,74,87,4.93,GB,1681059730
437,pital,2.2665,-75.8044,27.28,61,76,3.13,CO,1681059835
438,kankaanpaa,61.8,22.4167,6.42,98,100,2.49,FI,1681059835
439,grants,35.1473,-107.8514,14.13,18,0,2.06,US,1681059835
440,tepetitla,19.2833,-98.3833,20.12,49,20,1.03,MX,1681059835
441,estelle,29.8458,-90.1067,18.33,77,100,5.66,US,1681059554
442,san felipe,10.3399,-68.7425,32.02,45,60,1.19,VE,1681059730
443,abu samrah,35.3029,37.1841,20.7,29,97,10.68,SY,1681059632
444,bom jesus da lapa,-13.255,-43.4181,32.42,42,47,3.04,BR,1681059604
445,lugovoy,42.9472,72.7644,12.0,71,100,2.32,KZ,1681059653
446,rudbar,30.15,62.6,28.08,19,1,2.8,AF,1681059835
447,salalah,17.0151,54.0924,27.26,67,72,1.09,OM,1681059590
448,ilo,-17.6394,-71.3375,23.95,73,31,4.28,PE,1681059836
449,san patricio,28.017,-97.5169,23.42,67,15,2.8,US,1681059585
450,flinders,-34.5833,150.8552,10.77,75,12,3.76,AU,1681059836
451,san cristobal,7.7669,-72.225,27.1,48,25,0.94,VE,1681059656
452,byron bay,-28.65,153.6167,15.64,59,0,3.84,AU,1681059591
453,vilyuysk,63.7553,121.6247,-24.9,99,96,0.42,RU,1681059636
454,hitoyoshi,32.2167,130.75,6.0,93,0,0.87,JP,1681059836
455,yanam,16.7333,82.2167,25.35,76,0,1.79,IN,1681059836
456,north bend,43.4065,-124.2243,13.37,93,100,2.06,US,1681059649
457,tarakan,3.3,117.6333,26.8,75,55,0.52,ID,1681059836
458,srednekolymsk,67.45,153.6833,-20.39,99,22,3.57,RU,1681059836
459,garbou,47.15,23.4333,9.68,70,74,0.13,RO,1681059837
460,haines junction,60.7522,-137.5108,-2.03,86,91,1.03,CA,1681059576
461,qaqortoq,60.7167,-46.0333,-1.23,80,100,0.52,GL,1681059652
462,gamba,-2.65,10.0,26.58,81,77,3.55,GA,1681059837
463,kupang,-10.1667,123.5833,25.26,86,100,3.61,ID,1681059837
464,veraval,20.9,70.3667,26.19,60,31,5.06,IN,1681059837
465,mayumba,-3.432,10.6554,27.6,79,86,3.45,GA,1681059837
466,bundaberg,-24.85,152.35,16.23,79,0,3.08,AU,1681059607
467,boyolangu,-8.1181,111.8935,24.14,91,100,1.7,ID,1681059837
468,novyy buh,47.6931,32.5216,11.01,78,85,1.67,UA,1681059837
469,presidencia roque saenz pena,-26.7852,-60.4388,31.75,28,0,1.07,AR,1681059837
470,bekwai,6.4534,-1.5774,30.69,58,79,0.9,GH,1681059838
471,svetlogorsk,52.6333,29.7333,11.89,66,100,2.37,BY,1681059838
472,peniche,39.3558,-9.3811,21.16,60,61,5.89,PT,1681059838
473,caraballeda,10.6112,-66.8522,31.87,59,79,4.63,VE,1681059838
474,zarubino,42.63,131.0922,4.05,78,1,1.0,RU,1681059838
475,punto fijo,11.6956,-70.1996,29.35,61,1,6.51,VE,1681059838
476,muscatine,41.4667,-91.1335,19.1,19,96,6.17,US,1681059838
477,marshfield,44.6689,-90.1718,16.97,34,0,6.17,US,1681059839
478,limon,10.0,-83.0333,28.94,70,75,2.06,CR,1681059839
479,qiongshan,20.0058,110.3542,21.99,94,75,2.0,CN,1681059839
480,lemoore,36.3008,-119.7829,19.06,63,20,4.63,US,1681059603
481,salinopolis,-0.6136,-47.3561,26.97,80,97,1.25,BR,1681059596
482,keetmanshoop,-26.5833,18.1333,19.41,24,0,9.04,NA,1681059839
483,lourdes,43.1,-0.05,22.71,21,0,3.09,FR,1681059839
484,laguna de duero,41.5815,-4.7233,23.91,23,40,6.69,ES,1681059839
485,anamur,36.0751,32.8369,17.07,84,99,3.58,TR,1681059839
486,venado tuerto,-33.7456,-61.9688,26.06,40,0,5.14,AR,1681059839
487,moree,-29.4667,149.85,12.48,51,0,3.61,AU,1681059840
488,mosquera,4.7059,-74.2302,17.05,59,75,4.63,CO,1681059840
489,kewanee,41.2456,-89.9248,18.21,38,77,6.0,US,1681059742
490,ilhabela,-23.7781,-45.3581,22.8,81,100,2.17,BR,1681059687
491,inverness,57.4791,-4.224,12.66,63,20,2.24,GB,1681059840
492,necochea,-38.5473,-58.7368,26.6,41,64,7.84,AR,1681059586
493,ballina,-28.8667,153.5667,15.04,61,4,3.73,AU,1681059840
494,bozuyuk,39.9078,30.0367,13.19,84,96,2.17,TR,1681059840
495,rupert,42.6191,-113.6772,10.97,54,0,2.06,US,1681059840
496,wilmington island,32.0036,-80.9737,13.05,85,100,4.63,US,1681059841
497,olga,43.7444,135.2892,2.68,72,30,1.55,RU,1681059841
498,tocopilla,-22.092,-70.1979,23.57,71,17,3.51,CL,1681059841
499,malanje,-9.5402,16.341,20.23,89,90,0.38,AO,1681059841
500,piopio,-38.4667,175.0167,15.18,99,100,1.95,NZ,1681059841
501,nantucket,41.2835,-70.0995,8.06,64,2,4.4,US,1681059656
502,moerai,-22.4333,-151.3333,25.17,77,32,7.03,PF,1681059665
503,smirnykh,49.75,142.8333,-3.86,80,12,2.32,RU,1681059841
504,grootfontein,-19.5667,18.1167,22.76,60,92,1.03,NA,1681059841
505,ondjiva,-17.0667,15.7333,25.0,49,100,2.5,AO,1681059842
506,lyubashivka,47.8372,30.2598,8.24,77,76,3.05,UA,1681059842
507,rincon,32.296,-81.2354,12.17,88,100,0.45,US,1681059606
508,nidadavole,16.9167,81.6667,29.17,68,21,1.48,IN,1681059842
509,palma,39.5694,2.6502,19.75,59,0,4.12,ES,1681059606
510,muli,2.9167,73.5667,28.84,71,12,5.01,MV,1681059842
511,te anau,-45.4167,167.7167,9.56,84,99,0.41,NZ,1681059581
512,constantine,36.365,6.6147,18.67,29,0,3.09,DZ,1681059843
513,petropavlovsk-kamchatskiy,53.0452,158.6483,-0.67,100,100,2.0,RU,1681059675
514,ko samui,9.5357,99.9357,29.21,69,11,4.34,TH,1681059843
515,kelvington,52.1667,-103.5343,0.71,100,97,3.28,CA,1681059843
516,puro,12.4841,123.3827,25.84,81,100,5.1,PH,1681059843
517,celestun,20.8667,-90.4,29.0,53,0,2.61,MX,1681059843
518,comodoro rivadavia,-45.8667,-67.5,4.92,81,75,6.69,AR,1681059843
519,bexbach,49.3461,7.2553,14.53,38,0,4.12,DE,1681059843
520,malindi,-3.2175,40.1191,27.7,76,63,3.64,KE,1681059843
521,hibbing,47.4272,-92.9377,10.68,89,99,4.53,US,1681059843
522,aswan,24.0934,32.907,36.61,21,0,4.12,EG,1681059608
523,payakumbuh,-0.2202,100.6308,20.96,97,98,1.28,ID,1681059844
524,floro,61.5996,5.0328,9.04,71,75,5.66,NO,1681059844
525,loa janan,-0.583,117.095,23.17,98,47,0.52,ID,1681059844
526,gra liyia,35.0167,25.6833,16.74,68,30,3.13,GR,1681059844
527,port keats,-14.25,129.55,24.65,92,100,4.51,AU,1681059844
528,braunau,50.5857,16.3318,7.62,100,100,0.65,CZ,1681059844
529,garissa,-0.4536,39.6401,30.21,56,91,2.09,KE,1681059844
